[
        {
            "id": "1",
            "thumb": "https://clickpackmove.s3.amazonaws.com/media/photos/CityPark_View_10_thumbnail.jpg", 
            "listing_title": "** CityPark View - Save $250 with waived admin and app fee!", 
            "price": "900 to 1100", 
            "commute":"18 min",
            "website":"http://www.allurecharlotte.com/",
            "phonehours":"704-643-8310, Mon-Fri: 10:00am to 7:00pm, Sat: 9:00 to 6:00, Sun: 12:00am to 5:00pm",
            "listing_key": "427", 
            "lon": "-80.9147837", 
            "address": "1710 Piedmont Hills Place<br> Charlotte, NC", 
            "lat": "35.1826179",
            "pets":"Up to 2 pets"
        },
        {
            "id": "2",
            "thumb": "https://clickpackmove.s3.amazonaws.com/media/photos/eastover-ridge-8_thumbnail.jpg", 
            "listing_title": "Eastover Ridge - SAVE $199! WAIVED ADMINISTRATIVE FEE!", 
            "price": "875 to 1050",            
            "commute":"18 min",
            "website":"http://www.spectrumsouthend.com/",
            "phonehours":"284-643-8310, Mon-Fri: 10:00am to 7:00pm, Sat: 9:00 to 6:00, Sun: 12:00am to 5:00pm",
            "listing_key": "63", 
            "lon": "-80.8130002", 
            "address": "3600 Eastover Ridge Dr.<br>Charlotte, NC", 
            "lat": "35.1933409",
            "pets":"Up to 2 pets"
        },
        {
            "id": "3",
            "thumb": "https://clickpackmove.s3.amazonaws.com/media/photos/158_thumbnail.JPG", 
            "listing_title": "JUNCTION 1504 ", 
            "price": "1190 to 1600",
            "commute":"18 min",
            "website":"http://www.vanguardnorthlake.prospectportal.com/",
            "phonehours":"980-498-5969, TOURS BEGINNING IN MAY 2015!, Mon 9:00am - 6:00pm, Tues: 9:00am - 6:00pm, Wed: 9:00am - 6:00pm, Thu: 9:00am - 6:00pm, Fri: 9:00am - 6:00pm, Sat: 10:00am - 5:00pm, Sun: 1:00pm - 5:00pm", 
            "listing_key": "188", 
            "lon": "-80.867017", 
            "address": "2504 Dunavant St  <br>Charlotte, NC", 
            "lat": "35.204572",
            "pets":"Up to 2 pets"
        },
        {
            "id": "4",
            "thumb": "https://clickpackmove.s3.amazonaws.com/media/photos/marquis-at-carmel-commons-10_thumbnail.jpg", 
            "listing_title": "Marquis At Carmel Commons (The) SAVE $155!  REIMBURSED FOR APP AND ADMIN ON YOUR RENT", 
            "price": "750 to 850",
            "commute":"18 min",
            "website":"http://www.1100south.com/",
            "phonehours":"704-376-1100, Mon - Fri 9:00am to 6:00pm, Sat: 10:00am to 5:00pm, Sun: 1:00pm to 5:00pm",
            "listing_key": "85", 
            "lon": "-80.839766", 
            "address": "6818 Northbury Ln.<br>Charlotte, NC", 
            "lat": "35.085219",
            "pets":"Up to 2 pets"
        },
        {
            "id": "5",
            "thumb": "https://clickpackmove.s3.amazonaws.com/media/photos/Marquis_At_Carmel_Valley_1_thumbnail.JPG", 
            "listing_title": "Marquis Of Carmel Valley (The) SAVE $155!  REIMBURSED FOR APP AND ADMIN ON YOUR RENT", 
            "price": "790 to 900", 
            "commute":"18 min",
            "website":"http://www.allurecharlotte.com/",
            "phonehours":"565-643-8310, Mon-Fri: 10:00am to 7:00pm, Sat: 9:00 to 6:00, Sun: 12:00am to 5:00pm",
            "listing_key": "87", 
            "lon": "-80.8386489", 
            "address": "6905 Poppy Hills Ln<br>Charlotte, NC", 
            "lat": "35.0844532",
            "pets":"Up to 2 pets"
        },
        {
            "id": "6",
            "thumb": "https://clickpackmove.s3.amazonaws.com/media/photos/20131230_101313_thumbnail.jpg", 
            "listing_title": "Perimeter Lofts", 
            "price": "None to None",
            "commute":"18 min",
            "website":"http://www.allurecharlotte.com/",
            "phonehours":"343-643-8310, Mon-Fri: 10:00am to 7:00pm, Sat: 9:00 to 6:00, Sun: 12:00am to 5:00pm",         
            "listing_key": "208", 
            "lon": "-80.8502522", 
            "address": "9404 Perimeter Station Dr. <br>Charlotte, NC", 
            "lat": "35.3458824",
            "pets":"Up to 2 pets"
        },
        {
            "id": "7",
            "thumb": "https://clickpackmove.s3.amazonaws.com/media/photos/apartments-021_thumbnail.jpg", 
            "listing_title": "Post South End", 
            "price": "1300 to 1450", 
            "commute":"18 min",
            "website":"http://www.allurecharlotte.com/",
            "phonehours":"345-643-8310, Mon-Fri: 10:00am to 7:00pm, Sat: 9:00 to 6:00, Sun: 12:00am to 5:00pm",
            "listing_key": "174", 
            "lon": "-80.8537106", 
            "address": "222 East Bland Street<br>Charlotte, NC", 
            "lat": "35.2160913",
            "pets":"Up to 2 pets"        
        },
        {
            "id": "7",
            "thumb": "https://clickpackmove.s3.amazonaws.com/media/photos/Piper_Station_2_thumbnail.jpg", 
            "listing_title": "Rock Creek At Ballantyne - SAVE $100 OFF YOUR MOVE IN!", 
            "price": "900 to 1200",
            "commute":"18 min",
            "website":"http://www.allurecharlotte.com/",
            "phonehours":"123-643-8310, Mon-Fri: 10:00am to 7:00pm, Sat: 9:00 to 6:00, Sun: 12:00am to 5:00pm",        
            "listing_key": "508", 
            "lon": "-80.811249", 
            "address": "7810 Spindletop Place<br>Charlotte, NC", 
            "lat": "35.060754",
            "pets":"Up to 2 pets"
        }
]