[
  {
    "id": "1",
    "name": "Adam Bradley",
    "profile_pic": "https://avatars2.githubusercontent.com/u/452425?v=3",
    "twitter": "http://twitter.com/ionicframework",
    "about": "Co-creator of Ionic Framework and Angular Material Design team member. Regularly writes and speaks about hybrid development with Ionic and Angular. Proud dad, husband, veteran, and dog's best friend. Based in beautiful Madison, WI.",
    "location": "Madison, WI"
  },
  {
    "id": "2",
    "name": "Max Lynch",
    "profile_pic": "https://avatars3.githubusercontent.com/u/11214?v=3",
    "twitter": "http://twitter.com/ionicframework",
    "about": "Co-creator of Ionic Framework and Angular Material Design team member. Regularly writes and speaks about hybrid development with Ionic and Angular. Proud dad, husband, veteran, and dog's best friend. Based in beautiful Madison, WI.",
    "location": "Madison, WI"
  },
  {
    "id": "3",
    "name": "Brandy Carney",
    "profile_pic": "https://avatars0.githubusercontent.com/u/6577830?v=3",
    "twitter": "http://twitter.com/ionicframework",
    "about": "Co-creator of Ionic Framework and Angular Material Design team member. Regularly writes and speaks about hybrid development with Ionic and Angular. Proud dad, husband, veteran, and dog's best friend. Based in beautiful Madison, WI.",
    "location": "Madison, WI"
  },
  {
    "id": "4",
    "name": "Drew Rygh",
    "profile_pic": "https://avatars2.githubusercontent.com/u/2018508?v=3",
    "twitter": "http://twitter.com/ionicframework",
    "about": "Co-creator of Ionic Framework and Angular Material Design team member. Regularly writes and speaks about hybrid development with Ionic and Angular. Proud dad, husband, veteran, and dog's best friend. Based in beautiful Madison, WI.",
    "location": "Madison, WI"
  },
  {
    "id": "5",
    "name": "Ben Sperry",
    "profile_pic": "https://avatars1.githubusercontent.com/u/519526?v=3",
    "twitter": "http://twitter.com/ionicframework",
    "about": "Co-creator of Ionic Framework and Angular Material Design team member. Regularly writes and speaks about hybrid development with Ionic and Angular. Proud dad, husband, veteran, and dog's best friend. Based in beautiful Madison, WI.",
    "location": "Madison, WI"
  },
  {
    "id": "6",
    "name": "Mike Hartington",
    "profile_pic": "https://avatars0.githubusercontent.com/u/2835826?v=3",
    "twitter": "http://twitter.com/ionicframework",
    "about": "Co-creator of Ionic Framework and Angular Material Design team member. Regularly writes and speaks about hybrid development with Ionic and Angular. Proud dad, husband, veteran, and dog's best friend. Based in beautiful Madison, WI.",
    "location": "Madison, WI"
  },
  {
    "id": "7",
    "name": "Perry Govier",
    "profile_pic": "https://avatars1.githubusercontent.com/u/571056?v=3",
    "twitter": "http://twitter.com/ionicframework",
    "about": "Co-creator of Ionic Framework and Angular Material Design team member. Regularly writes and speaks about hybrid development with Ionic and Angular. Proud dad, husband, veteran, and dog's best friend. Based in beautiful Madison, WI.",
    "location": "Madison, WI"
  },
  {
    "id": "8",
    "name": "Eric Bobbitt",
    "profile_pic": "https://avatars3.githubusercontent.com/u/19638?v=3",
    "twitter": "http://twitter.com/ionicframework",
    "about": "Co-creator of Ionic Framework and Angular Material Design team member. Regularly writes and speaks about hybrid development with Ionic and Angular. Proud dad, husband, veteran, and dog's best friend. Based in beautiful Madison, WI.",
    "location": "Madison, WI"
  },
  {
    "id": "9",
    "name": "Tim Lancina",
    "profile_pic": "https://avatars2.githubusercontent.com/u/804331?v=3",
    "twitter": "http://twitter.com/ionicframework",
    "about": "Co-creator of Ionic Framework and Angular Material Design team member. Regularly writes and speaks about hybrid development with Ionic and Angular. Proud dad, husband, veteran, and dog's best friend. Based in beautiful Madison, WI.",
    "location": "Madison, WI"
  },
  {
    "id": "10",
    "name": "Brody Kidd",
    "profile_pic": "https://avatars0.githubusercontent.com/u/5280265?v=3",
    "twitter": "http://twitter.com/ionicframework",
    "about": "Co-creator of Ionic Framework and Angular Material Design team member. Regularly writes and speaks about hybrid development with Ionic and Angular. Proud dad, husband, veteran, and dog's best friend. Based in beautiful Madison, WI.",
    "location": "Madison, WI"
  },
  {
    "id": "11",
    "name": "Rudy Pelrine",
    "profile_pic": "https://avatars0.githubusercontent.com/u/1584992?v=3",
    "twitter": "http://twitter.com/ionicframework",
    "about": "Co-creator of Ionic Framework and Angular Material Design team member. Regularly writes and speaks about hybrid development with Ionic and Angular. Proud dad, husband, veteran, and dog's best friend. Based in beautiful Madison, WI.",
    "location": "Madison, WI"
  },
  {
    "id": "12",
    "name": "Dan Imhoff",
    "profile_pic": "https://pbs.twimg.com/profile_images/627907755743952896/TEEur1pK.jpg",
    "twitter": "http://twitter.com/ionicframework",
    "about": "Co-creator of Ionic Framework and Angular Material Design team member. Regularly writes and speaks about hybrid development with Ionic and Angular. Proud dad, husband, veteran, and dog's best friend. Based in beautiful Madison, WI.",
    "location": "Madison, WI"
  },
  {
    "id": "13",
    "name": "Katie Ginder-Vogel",
    "profile_pic": "https://avatars2.githubusercontent.com/u/8117985?v=3",
    "twitter": "http://twitter.com/ionicframework",
    "about": "Co-creator of Ionic Framework and Angular Material Design team member. Regularly writes and speaks about hybrid development with Ionic and Angular. Proud dad, husband, veteran, and dog's best friend. Based in beautiful Madison, WI.",
    "location": "Madison, WI"
  }
]
